,Year,ID1,ID2,Jaccard Similarity
0,1998,226,259,0.3392857142857143
1,1998,226,309,0.3942307692307692
2,1998,226,331,0.29838709677419356
3,1998,226,205,0.415929203539823
4,1998,226,206,0.41739130434782606
5,1998,226,303,0.415929203539823
6,1998,226,208,0.39603960396039606
7,1998,226,238,0.375
8,1998,226,307,0.4180327868852459
9,1998,226,244,0.40476190476190477
10,1998,226,254,0.32222222222222224
11,1998,226,222,0.4351851851851852
12,1998,226,343,0.39814814814814814
13,1998,226,308,0.36082474226804123
14,1998,226,346,0.43137254901960786
15,1998,226,220,0.5242718446601942
16,1998,226,317,0.4479166666666667
17,1998,226,350,0.4690265486725664
18,1998,226,319,0.3904761904761905
19,1998,259,309,0.37383177570093457
20,1998,259,331,0.28346456692913385
21,1998,259,205,0.4594594594594595
22,1998,259,206,0.43478260869565216
23,1998,259,303,0.42105263157894735
24,1998,259,208,0.3619047619047619
25,1998,259,238,0.4444444444444444
26,1998,259,307,0.35658914728682173
27,1998,259,244,0.4793388429752066
28,1998,259,254,0.23469387755102042
29,1998,259,222,0.42727272727272725
30,1998,259,343,0.39090909090909093
31,1998,259,308,0.45652173913043476
32,1998,259,346,0.4230769230769231
33,1998,259,220,0.41964285714285715
34,1998,259,317,0.2818181818181818
35,1998,259,350,0.3770491803278688
36,1998,259,319,0.5578947368421052
37,1998,309,331,0.3739130434782609
38,1998,309,205,0.35344827586206895
39,1998,309,206,0.44144144144144143
40,1998,309,303,0.4811320754716981
41,1998,309,208,0.3142857142857143
42,1998,309,238,0.46601941747572817
43,1998,309,307,0.42857142857142855
44,1998,309,244,0.4032258064516129
45,1998,309,254,0.23404255319148937
46,1998,309,222,0.38181818181818183
47,1998,309,343,0.45098039215686275
48,1998,309,308,0.35789473684210527
49,1998,309,346,0.4444444444444444
50,1998,309,220,0.375
51,1998,309,317,0.36
52,1998,309,350,0.4424778761061947
53,1998,309,319,0.3364485981308411
54,1998,331,205,0.26277372262773724
55,1998,331,206,0.3643410852713178
56,1998,331,303,0.3515625
57,1998,331,208,0.232
58,1998,331,238,0.3467741935483871
59,1998,331,307,0.4645669291338583
60,1998,331,244,0.4393939393939394
61,1998,331,254,0.17857142857142858
62,1998,331,222,0.3333333333333333
63,1998,331,343,0.43859649122807015
64,1998,331,308,0.23931623931623933
65,1998,331,346,0.2421875
66,1998,331,220,0.33858267716535434
67,1998,331,317,0.288135593220339
68,1998,331,350,0.3875968992248062
69,1998,331,319,0.3140495867768595
70,1998,205,206,0.5086206896551724
71,1998,205,303,0.4214876033057851
72,1998,205,208,0.44339622641509435
73,1998,205,238,0.3949579831932773
74,1998,205,307,0.4230769230769231
75,1998,205,244,0.42105263157894735
76,1998,205,254,0.28431372549019607
77,1998,205,222,0.4778761061946903
78,1998,205,343,0.4298245614035088
79,1998,205,308,0.42574257425742573
80,1998,205,346,0.42342342342342343
81,1998,205,220,0.6095238095238096
82,1998,205,317,0.4519230769230769
83,1998,205,350,0.44715447154471544
84,1998,205,319,0.43636363636363634
85,1998,206,303,0.49572649572649574
86,1998,206,208,0.39285714285714285
87,1998,206,238,0.5504587155963303
88,1998,206,307,0.4461538461538462
89,1998,206,244,0.5
90,1998,206,254,0.28846153846153844
91,1998,206,222,0.6666666666666666
92,1998,206,343,0.48214285714285715
93,1998,206,308,0.41346153846153844
94,1998,206,346,0.4636363636363636
95,1998,206,220,0.5779816513761468
96,1998,206,317,0.42592592592592593
97,1998,206,350,0.4596774193548387
98,1998,206,319,0.45045045045045046
99,1998,303,208,0.33043478260869563
100,1998,303,238,0.4954954954954955
101,1998,303,307,0.43410852713178294
102,1998,303,244,0.5241935483870968
103,1998,303,254,0.2018348623853211
104,1998,303,222,0.5045045045045045
105,1998,303,343,0.45535714285714285
106,1998,303,308,0.3333333333333333
107,1998,303,346,0.42342342342342343
108,1998,303,220,0.45689655172413796
109,1998,303,317,0.336283185840708
110,1998,303,350,0.5084745762711864
111,1998,303,319,0.3277310924369748
112,1998,208,238,0.41346153846153844
113,1998,208,307,0.36065573770491804
114,1998,208,244,0.36
115,1998,208,254,0.3333333333333333
116,1998,208,222,0.37037037037037035
117,1998,208,343,0.4117647058823529
118,1998,208,308,0.37362637362637363
119,1998,208,346,0.40404040404040403
120,1998,208,220,0.41509433962264153
121,1998,208,317,0.3894736842105263
122,1998,208,350,0.41964285714285715
123,1998,208,319,0.4479166666666667
124,1998,238,307,0.5169491525423728
125,1998,238,244,0.5
126,1998,238,254,0.32978723404255317
127,1998,238,222,0.47706422018348627
128,1998,238,343,0.5242718446601942
129,1998,238,308,0.3939393939393939
130,1998,238,346,0.4205607476635514
131,1998,238,220,0.4954128440366973
132,1998,238,317,0.46464646464646464
133,1998,238,350,0.4700854700854701
134,1998,238,319,0.4205607476635514
135,1998,307,244,0.5419847328244275
136,1998,307,254,0.2972972972972973
137,1998,307,222,0.42857142857142855
138,1998,307,343,0.543859649122807
139,1998,307,308,0.30833333333333335
140,1998,307,346,0.32558139534883723
141,1998,307,220,0.5166666666666667
142,1998,307,317,0.4642857142857143
143,1998,307,350,0.5403225806451613
144,1998,307,319,0.3902439024390244
145,1998,244,254,0.2231404958677686
146,1998,244,222,0.472
147,1998,244,343,0.5254237288135594
148,1998,244,308,0.319672131147541
149,1998,244,346,0.4112903225806452
150,1998,244,220,0.5245901639344263
151,1998,244,317,0.3770491803278688
152,1998,244,350,0.5354330708661418
153,1998,244,319,0.4112903225806452
154,1998,254,222,0.2727272727272727
155,1998,254,343,0.32608695652173914
156,1998,254,308,0.3037974683544304
157,1998,254,346,0.2857142857142857
158,1998,254,220,0.31958762886597936
159,1998,254,317,0.4864864864864865
160,1998,254,350,0.2803738317757009
161,1998,254,319,0.2857142857142857
162,1998,222,343,0.46296296296296297
163,1998,222,308,0.34951456310679613
164,1998,222,346,0.4166666666666667
165,1998,222,220,0.5327102803738317
166,1998,222,317,0.43137254901960786
167,1998,222,350,0.5043478260869565
168,1998,222,319,0.44339622641509435
169,1998,343,308,0.36363636363636365
170,1998,343,346,0.3925233644859813
171,1998,343,220,0.46788990825688076
172,1998,343,317,0.4639175257731959
173,1998,343,350,0.5089285714285714
174,1998,343,319,0.4326923076923077
175,1998,308,346,0.4606741573033708
176,1998,308,220,0.46875
177,1998,308,317,0.3225806451612903
178,1998,308,350,0.30434782608695654
179,1998,308,319,0.5294117647058824
180,1998,346,220,0.46226415094339623
181,1998,346,317,0.37
182,1998,346,350,0.36666666666666664
183,1998,346,319,0.42574257425742573
184,1998,220,317,0.5257731958762887
185,1998,220,350,0.4830508474576271
186,1998,220,319,0.46226415094339623
187,1998,317,350,0.4811320754716981
188,1998,317,319,0.3564356435643564
189,1998,350,319,0.36666666666666664
190,1999,226,259,0.3392857142857143
191,1999,226,309,0.3942307692307692
192,1999,226,331,0.29838709677419356
193,1999,226,205,0.415929203539823
194,1999,226,206,0.41739130434782606
195,1999,226,303,0.415929203539823
196,1999,226,208,0.39603960396039606
197,1999,226,238,0.375
198,1999,226,307,0.4180327868852459
199,1999,226,244,0.40476190476190477
200,1999,226,254,0.32222222222222224
201,1999,226,222,0.4351851851851852
202,1999,226,343,0.39814814814814814
203,1999,226,308,0.36082474226804123
204,1999,226,346,0.43137254901960786
205,1999,226,220,0.5242718446601942
206,1999,226,317,0.4479166666666667
207,1999,226,350,0.4690265486725664
208,1999,226,319,0.3904761904761905
209,1999,259,309,0.37383177570093457
210,1999,259,331,0.28346456692913385
211,1999,259,205,0.4594594594594595
212,1999,259,206,0.43478260869565216
213,1999,259,303,0.42105263157894735
214,1999,259,208,0.3619047619047619
215,1999,259,238,0.4444444444444444
216,1999,259,307,0.35658914728682173
217,1999,259,244,0.4793388429752066
218,1999,259,254,0.23469387755102042
219,1999,259,222,0.42727272727272725
220,1999,259,343,0.39090909090909093
221,1999,259,308,0.45652173913043476
222,1999,259,346,0.4230769230769231
223,1999,259,220,0.41964285714285715
224,1999,259,317,0.2818181818181818
225,1999,259,350,0.3770491803278688
226,1999,259,319,0.5578947368421052
227,1999,309,331,0.3739130434782609
228,1999,309,205,0.35344827586206895
229,1999,309,206,0.44144144144144143
230,1999,309,303,0.4811320754716981
231,1999,309,208,0.3142857142857143
232,1999,309,238,0.46601941747572817
233,1999,309,307,0.42857142857142855
234,1999,309,244,0.4032258064516129
235,1999,309,254,0.23404255319148937
236,1999,309,222,0.38181818181818183
237,1999,309,343,0.45098039215686275
238,1999,309,308,0.35789473684210527
239,1999,309,346,0.4444444444444444
240,1999,309,220,0.375
241,1999,309,317,0.36
242,1999,309,350,0.4424778761061947
243,1999,309,319,0.3364485981308411
244,1999,331,205,0.26277372262773724
245,1999,331,206,0.3643410852713178
246,1999,331,303,0.3515625
247,1999,331,208,0.232
248,1999,331,238,0.3467741935483871
249,1999,331,307,0.4645669291338583
250,1999,331,244,0.4393939393939394
251,1999,331,254,0.17857142857142858
252,1999,331,222,0.3333333333333333
253,1999,331,343,0.43859649122807015
254,1999,331,308,0.23931623931623933
255,1999,331,346,0.2421875
256,1999,331,220,0.33858267716535434
257,1999,331,317,0.288135593220339
258,1999,331,350,0.3875968992248062
259,1999,331,319,0.3140495867768595
260,1999,205,206,0.5086206896551724
261,1999,205,303,0.4214876033057851
262,1999,205,208,0.44339622641509435
263,1999,205,238,0.3949579831932773
264,1999,205,307,0.4230769230769231
265,1999,205,244,0.42105263157894735
266,1999,205,254,0.28431372549019607
267,1999,205,222,0.4778761061946903
268,1999,205,343,0.4298245614035088
269,1999,205,308,0.42574257425742573
270,1999,205,346,0.42342342342342343
271,1999,205,220,0.6095238095238096
272,1999,205,317,0.4519230769230769
273,1999,205,350,0.44715447154471544
274,1999,205,319,0.43636363636363634
275,1999,206,303,0.49572649572649574
276,1999,206,208,0.39285714285714285
277,1999,206,238,0.5504587155963303
278,1999,206,307,0.4461538461538462
279,1999,206,244,0.5
280,1999,206,254,0.28846153846153844
281,1999,206,222,0.6666666666666666
282,1999,206,343,0.48214285714285715
283,1999,206,308,0.41346153846153844
284,1999,206,346,0.4636363636363636
285,1999,206,220,0.5779816513761468
286,1999,206,317,0.42592592592592593
287,1999,206,350,0.4596774193548387
288,1999,206,319,0.45045045045045046
289,1999,303,208,0.33043478260869563
290,1999,303,238,0.4954954954954955
291,1999,303,307,0.43410852713178294
292,1999,303,244,0.5241935483870968
293,1999,303,254,0.2018348623853211
294,1999,303,222,0.5045045045045045
295,1999,303,343,0.45535714285714285
296,1999,303,308,0.3333333333333333
297,1999,303,346,0.42342342342342343
298,1999,303,220,0.45689655172413796
299,1999,303,317,0.336283185840708
300,1999,303,350,0.5084745762711864
301,1999,303,319,0.3277310924369748
302,1999,208,238,0.41346153846153844
303,1999,208,307,0.36065573770491804
304,1999,208,244,0.36
305,1999,208,254,0.3333333333333333
306,1999,208,222,0.37037037037037035
307,1999,208,343,0.4117647058823529
308,1999,208,308,0.37362637362637363
309,1999,208,346,0.40404040404040403
310,1999,208,220,0.41509433962264153
311,1999,208,317,0.3894736842105263
312,1999,208,350,0.41964285714285715
313,1999,208,319,0.4479166666666667
314,1999,238,307,0.5169491525423728
315,1999,238,244,0.5
316,1999,238,254,0.32978723404255317
317,1999,238,222,0.47706422018348627
318,1999,238,343,0.5242718446601942
319,1999,238,308,0.3939393939393939
320,1999,238,346,0.4205607476635514
321,1999,238,220,0.4954128440366973
322,1999,238,317,0.46464646464646464
323,1999,238,350,0.4700854700854701
324,1999,238,319,0.4205607476635514
325,1999,307,244,0.5419847328244275
326,1999,307,254,0.2972972972972973
327,1999,307,222,0.42857142857142855
328,1999,307,343,0.543859649122807
329,1999,307,308,0.30833333333333335
330,1999,307,346,0.32558139534883723
331,1999,307,220,0.5166666666666667
332,1999,307,317,0.4642857142857143
333,1999,307,350,0.5403225806451613
334,1999,307,319,0.3902439024390244
335,1999,244,254,0.2231404958677686
336,1999,244,222,0.472
337,1999,244,343,0.5254237288135594
338,1999,244,308,0.319672131147541
339,1999,244,346,0.4112903225806452
340,1999,244,220,0.5245901639344263
341,1999,244,317,0.3770491803278688
342,1999,244,350,0.5354330708661418
343,1999,244,319,0.4112903225806452
344,1999,254,222,0.2727272727272727
345,1999,254,343,0.32608695652173914
346,1999,254,308,0.3037974683544304
347,1999,254,346,0.2857142857142857
348,1999,254,220,0.31958762886597936
349,1999,254,317,0.4864864864864865
350,1999,254,350,0.2803738317757009
351,1999,254,319,0.2857142857142857
352,1999,222,343,0.46296296296296297
353,1999,222,308,0.34951456310679613
354,1999,222,346,0.4166666666666667
355,1999,222,220,0.5327102803738317
356,1999,222,317,0.43137254901960786
357,1999,222,350,0.5043478260869565
358,1999,222,319,0.44339622641509435
359,1999,343,308,0.36363636363636365
360,1999,343,346,0.3925233644859813
361,1999,343,220,0.46788990825688076
362,1999,343,317,0.4639175257731959
363,1999,343,350,0.5089285714285714
364,1999,343,319,0.4326923076923077
365,1999,308,346,0.4606741573033708
366,1999,308,220,0.46875
367,1999,308,317,0.3225806451612903
368,1999,308,350,0.30434782608695654
369,1999,308,319,0.5294117647058824
370,1999,346,220,0.46226415094339623
371,1999,346,317,0.37
372,1999,346,350,0.36666666666666664
373,1999,346,319,0.42574257425742573
374,1999,220,317,0.5257731958762887
375,1999,220,350,0.4830508474576271
376,1999,220,319,0.46226415094339623
377,1999,317,350,0.4811320754716981
378,1999,317,319,0.3564356435643564
379,1999,350,319,0.36666666666666664
380,2000,226,259,0.3392857142857143
381,2000,226,309,0.3942307692307692
382,2000,226,331,0.29838709677419356
383,2000,226,205,0.415929203539823
384,2000,226,206,0.41739130434782606
385,2000,226,303,0.415929203539823
386,2000,226,208,0.39603960396039606
387,2000,226,238,0.375
388,2000,226,307,0.4180327868852459
389,2000,226,244,0.40476190476190477
390,2000,226,254,0.32222222222222224
391,2000,226,222,0.4351851851851852
392,2000,226,343,0.39814814814814814
393,2000,226,308,0.36082474226804123
394,2000,226,346,0.43137254901960786
395,2000,226,220,0.5242718446601942
396,2000,226,317,0.4479166666666667
397,2000,226,350,0.4690265486725664
398,2000,226,319,0.3904761904761905
399,2000,259,309,0.37383177570093457
400,2000,259,331,0.28346456692913385
401,2000,259,205,0.4594594594594595
402,2000,259,206,0.43478260869565216
403,2000,259,303,0.42105263157894735
404,2000,259,208,0.3619047619047619
405,2000,259,238,0.4444444444444444
406,2000,259,307,0.35658914728682173
407,2000,259,244,0.4793388429752066
408,2000,259,254,0.23469387755102042
409,2000,259,222,0.42727272727272725
410,2000,259,343,0.39090909090909093
411,2000,259,308,0.45652173913043476
412,2000,259,346,0.4230769230769231
413,2000,259,220,0.41964285714285715
414,2000,259,317,0.2818181818181818
415,2000,259,350,0.3770491803278688
416,2000,259,319,0.5578947368421052
417,2000,309,331,0.3739130434782609
418,2000,309,205,0.35344827586206895
419,2000,309,206,0.44144144144144143
420,2000,309,303,0.4811320754716981
421,2000,309,208,0.3142857142857143
422,2000,309,238,0.46601941747572817
423,2000,309,307,0.42857142857142855
424,2000,309,244,0.4032258064516129
425,2000,309,254,0.23404255319148937
426,2000,309,222,0.38181818181818183
427,2000,309,343,0.45098039215686275
428,2000,309,308,0.35789473684210527
429,2000,309,346,0.4444444444444444
430,2000,309,220,0.375
431,2000,309,317,0.36
432,2000,309,350,0.4424778761061947
433,2000,309,319,0.3364485981308411
434,2000,331,205,0.26277372262773724
435,2000,331,206,0.3643410852713178
436,2000,331,303,0.3515625
437,2000,331,208,0.232
438,2000,331,238,0.3467741935483871
439,2000,331,307,0.4645669291338583
440,2000,331,244,0.4393939393939394
441,2000,331,254,0.17857142857142858
442,2000,331,222,0.3333333333333333
443,2000,331,343,0.43859649122807015
444,2000,331,308,0.23931623931623933
445,2000,331,346,0.2421875
446,2000,331,220,0.33858267716535434
447,2000,331,317,0.288135593220339
448,2000,331,350,0.3875968992248062
449,2000,331,319,0.3140495867768595
450,2000,205,206,0.5086206896551724
451,2000,205,303,0.4214876033057851
452,2000,205,208,0.44339622641509435
453,2000,205,238,0.3949579831932773
454,2000,205,307,0.4230769230769231
455,2000,205,244,0.42105263157894735
456,2000,205,254,0.28431372549019607
457,2000,205,222,0.4778761061946903
458,2000,205,343,0.4298245614035088
459,2000,205,308,0.42574257425742573
460,2000,205,346,0.42342342342342343
461,2000,205,220,0.6095238095238096
462,2000,205,317,0.4519230769230769
463,2000,205,350,0.44715447154471544
464,2000,205,319,0.43636363636363634
465,2000,206,303,0.49572649572649574
466,2000,206,208,0.39285714285714285
467,2000,206,238,0.5504587155963303
468,2000,206,307,0.4461538461538462
469,2000,206,244,0.5
470,2000,206,254,0.28846153846153844
471,2000,206,222,0.6666666666666666
472,2000,206,343,0.48214285714285715
473,2000,206,308,0.41346153846153844
474,2000,206,346,0.4636363636363636
475,2000,206,220,0.5779816513761468
476,2000,206,317,0.42592592592592593
477,2000,206,350,0.4596774193548387
478,2000,206,319,0.45045045045045046
479,2000,303,208,0.33043478260869563
480,2000,303,238,0.4954954954954955
481,2000,303,307,0.43410852713178294
482,2000,303,244,0.5241935483870968
483,2000,303,254,0.2018348623853211
484,2000,303,222,0.5045045045045045
485,2000,303,343,0.45535714285714285
486,2000,303,308,0.3333333333333333
487,2000,303,346,0.42342342342342343
488,2000,303,220,0.45689655172413796
489,2000,303,317,0.336283185840708
490,2000,303,350,0.5084745762711864
491,2000,303,319,0.3277310924369748
492,2000,208,238,0.41346153846153844
493,2000,208,307,0.36065573770491804
494,2000,208,244,0.36
495,2000,208,254,0.3333333333333333
496,2000,208,222,0.37037037037037035
497,2000,208,343,0.4117647058823529
498,2000,208,308,0.37362637362637363
499,2000,208,346,0.40404040404040403
500,2000,208,220,0.41509433962264153
501,2000,208,317,0.3894736842105263
502,2000,208,350,0.41964285714285715
503,2000,208,319,0.4479166666666667
504,2000,238,307,0.5169491525423728
505,2000,238,244,0.5
506,2000,238,254,0.32978723404255317
507,2000,238,222,0.47706422018348627
508,2000,238,343,0.5242718446601942
509,2000,238,308,0.3939393939393939
510,2000,238,346,0.4205607476635514
511,2000,238,220,0.4954128440366973
512,2000,238,317,0.46464646464646464
513,2000,238,350,0.4700854700854701
514,2000,238,319,0.4205607476635514
515,2000,307,244,0.5419847328244275
516,2000,307,254,0.2972972972972973
517,2000,307,222,0.42857142857142855
518,2000,307,343,0.543859649122807
519,2000,307,308,0.30833333333333335
520,2000,307,346,0.32558139534883723
521,2000,307,220,0.5166666666666667
522,2000,307,317,0.4642857142857143
523,2000,307,350,0.5403225806451613
524,2000,307,319,0.3902439024390244
525,2000,244,254,0.2231404958677686
526,2000,244,222,0.472
527,2000,244,343,0.5254237288135594
528,2000,244,308,0.319672131147541
529,2000,244,346,0.4112903225806452
530,2000,244,220,0.5245901639344263
531,2000,244,317,0.3770491803278688
532,2000,244,350,0.5354330708661418
533,2000,244,319,0.4112903225806452
534,2000,254,222,0.2727272727272727
535,2000,254,343,0.32608695652173914
536,2000,254,308,0.3037974683544304
537,2000,254,346,0.2857142857142857
538,2000,254,220,0.31958762886597936
539,2000,254,317,0.4864864864864865
540,2000,254,350,0.2803738317757009
541,2000,254,319,0.2857142857142857
542,2000,222,343,0.46296296296296297
543,2000,222,308,0.34951456310679613
544,2000,222,346,0.4166666666666667
545,2000,222,220,0.5327102803738317
546,2000,222,317,0.43137254901960786
547,2000,222,350,0.5043478260869565
548,2000,222,319,0.44339622641509435
549,2000,343,308,0.36363636363636365
550,2000,343,346,0.3925233644859813
551,2000,343,220,0.46788990825688076
552,2000,343,317,0.4639175257731959
553,2000,343,350,0.5089285714285714
554,2000,343,319,0.4326923076923077
555,2000,308,346,0.4606741573033708
556,2000,308,220,0.46875
557,2000,308,317,0.3225806451612903
558,2000,308,350,0.30434782608695654
559,2000,308,319,0.5294117647058824
560,2000,346,220,0.46226415094339623
561,2000,346,317,0.37
562,2000,346,350,0.36666666666666664
563,2000,346,319,0.42574257425742573
564,2000,220,317,0.5257731958762887
565,2000,220,350,0.4830508474576271
566,2000,220,319,0.46226415094339623
567,2000,317,350,0.4811320754716981
568,2000,317,319,0.3564356435643564
569,2000,350,319,0.36666666666666664
570,2001,226,259,0.3392857142857143
571,2001,226,309,0.3942307692307692
572,2001,226,331,0.29838709677419356
573,2001,226,205,0.415929203539823
574,2001,226,206,0.41739130434782606
575,2001,226,303,0.415929203539823
576,2001,226,208,0.39603960396039606
577,2001,226,238,0.375
578,2001,226,307,0.4180327868852459
579,2001,226,244,0.40476190476190477
580,2001,226,254,0.32222222222222224
581,2001,226,222,0.4351851851851852
582,2001,226,343,0.39814814814814814
583,2001,226,308,0.36082474226804123
584,2001,226,346,0.43137254901960786
585,2001,226,220,0.5242718446601942
586,2001,226,317,0.4479166666666667
587,2001,226,350,0.4690265486725664
588,2001,226,319,0.3904761904761905
589,2001,259,309,0.37383177570093457
590,2001,259,331,0.28346456692913385
591,2001,259,205,0.4594594594594595
592,2001,259,206,0.43478260869565216
593,2001,259,303,0.42105263157894735
594,2001,259,208,0.3619047619047619
595,2001,259,238,0.4444444444444444
596,2001,259,307,0.35658914728682173
597,2001,259,244,0.4793388429752066
598,2001,259,254,0.23469387755102042
599,2001,259,222,0.42727272727272725
600,2001,259,343,0.39090909090909093
601,2001,259,308,0.45652173913043476
602,2001,259,346,0.4230769230769231
603,2001,259,220,0.41964285714285715
604,2001,259,317,0.2818181818181818
605,2001,259,350,0.3770491803278688
606,2001,259,319,0.5578947368421052
607,2001,309,331,0.3739130434782609
608,2001,309,205,0.35344827586206895
609,2001,309,206,0.44144144144144143
610,2001,309,303,0.4811320754716981
611,2001,309,208,0.3142857142857143
612,2001,309,238,0.46601941747572817
613,2001,309,307,0.42857142857142855
614,2001,309,244,0.4032258064516129
615,2001,309,254,0.23404255319148937
616,2001,309,222,0.38181818181818183
617,2001,309,343,0.45098039215686275
618,2001,309,308,0.35789473684210527
619,2001,309,346,0.4444444444444444
620,2001,309,220,0.375
621,2001,309,317,0.36
622,2001,309,350,0.4424778761061947
623,2001,309,319,0.3364485981308411
624,2001,331,205,0.26277372262773724
625,2001,331,206,0.3643410852713178
626,2001,331,303,0.3515625
627,2001,331,208,0.232
628,2001,331,238,0.3467741935483871
629,2001,331,307,0.4645669291338583
630,2001,331,244,0.4393939393939394
631,2001,331,254,0.17857142857142858
632,2001,331,222,0.3333333333333333
633,2001,331,343,0.43859649122807015
634,2001,331,308,0.23931623931623933
635,2001,331,346,0.2421875
636,2001,331,220,0.33858267716535434
637,2001,331,317,0.288135593220339
638,2001,331,350,0.3875968992248062
639,2001,331,319,0.3140495867768595
640,2001,205,206,0.5086206896551724
641,2001,205,303,0.4214876033057851
642,2001,205,208,0.44339622641509435
643,2001,205,238,0.3949579831932773
644,2001,205,307,0.4230769230769231
645,2001,205,244,0.42105263157894735
646,2001,205,254,0.28431372549019607
647,2001,205,222,0.4778761061946903
648,2001,205,343,0.4298245614035088
649,2001,205,308,0.42574257425742573
650,2001,205,346,0.42342342342342343
651,2001,205,220,0.6095238095238096
652,2001,205,317,0.4519230769230769
653,2001,205,350,0.44715447154471544
654,2001,205,319,0.43636363636363634
655,2001,206,303,0.49572649572649574
656,2001,206,208,0.39285714285714285
657,2001,206,238,0.5504587155963303
658,2001,206,307,0.4461538461538462
659,2001,206,244,0.5
660,2001,206,254,0.28846153846153844
661,2001,206,222,0.6666666666666666
662,2001,206,343,0.48214285714285715
663,2001,206,308,0.41346153846153844
664,2001,206,346,0.4636363636363636
665,2001,206,220,0.5779816513761468
666,2001,206,317,0.42592592592592593
667,2001,206,350,0.4596774193548387
668,2001,206,319,0.45045045045045046
669,2001,303,208,0.33043478260869563
670,2001,303,238,0.4954954954954955
671,2001,303,307,0.43410852713178294
672,2001,303,244,0.5241935483870968
673,2001,303,254,0.2018348623853211
674,2001,303,222,0.5045045045045045
675,2001,303,343,0.45535714285714285
676,2001,303,308,0.3333333333333333
677,2001,303,346,0.42342342342342343
678,2001,303,220,0.45689655172413796
679,2001,303,317,0.336283185840708
680,2001,303,350,0.5084745762711864
681,2001,303,319,0.3277310924369748
682,2001,208,238,0.41346153846153844
683,2001,208,307,0.36065573770491804
684,2001,208,244,0.36
685,2001,208,254,0.3333333333333333
686,2001,208,222,0.37037037037037035
687,2001,208,343,0.4117647058823529
688,2001,208,308,0.37362637362637363
689,2001,208,346,0.40404040404040403
690,2001,208,220,0.41509433962264153
691,2001,208,317,0.3894736842105263
692,2001,208,350,0.41964285714285715
693,2001,208,319,0.4479166666666667
694,2001,238,307,0.5169491525423728
695,2001,238,244,0.5
696,2001,238,254,0.32978723404255317
697,2001,238,222,0.47706422018348627
698,2001,238,343,0.5242718446601942
699,2001,238,308,0.3939393939393939
700,2001,238,346,0.4205607476635514
701,2001,238,220,0.4954128440366973
702,2001,238,317,0.46464646464646464
703,2001,238,350,0.4700854700854701
704,2001,238,319,0.4205607476635514
705,2001,307,244,0.5419847328244275
706,2001,307,254,0.2972972972972973
707,2001,307,222,0.42857142857142855
708,2001,307,343,0.543859649122807
709,2001,307,308,0.30833333333333335
710,2001,307,346,0.32558139534883723
711,2001,307,220,0.5166666666666667
712,2001,307,317,0.4642857142857143
713,2001,307,350,0.5403225806451613
714,2001,307,319,0.3902439024390244
715,2001,244,254,0.2231404958677686
716,2001,244,222,0.472
717,2001,244,343,0.5254237288135594
718,2001,244,308,0.319672131147541
719,2001,244,346,0.4112903225806452
720,2001,244,220,0.5245901639344263
721,2001,244,317,0.3770491803278688
722,2001,244,350,0.5354330708661418
723,2001,244,319,0.4112903225806452
724,2001,254,222,0.2727272727272727
725,2001,254,343,0.32608695652173914
726,2001,254,308,0.3037974683544304
727,2001,254,346,0.2857142857142857
728,2001,254,220,0.31958762886597936
729,2001,254,317,0.4864864864864865
730,2001,254,350,0.2803738317757009
731,2001,254,319,0.2857142857142857
732,2001,222,343,0.46296296296296297
733,2001,222,308,0.34951456310679613
734,2001,222,346,0.4166666666666667
735,2001,222,220,0.5327102803738317
736,2001,222,317,0.43137254901960786
737,2001,222,350,0.5043478260869565
738,2001,222,319,0.44339622641509435
739,2001,343,308,0.36363636363636365
740,2001,343,346,0.3925233644859813
741,2001,343,220,0.46788990825688076
742,2001,343,317,0.4639175257731959
743,2001,343,350,0.5089285714285714
744,2001,343,319,0.4326923076923077
745,2001,308,346,0.4606741573033708
746,2001,308,220,0.46875
747,2001,308,317,0.3225806451612903
748,2001,308,350,0.30434782608695654
749,2001,308,319,0.5294117647058824
750,2001,346,220,0.46226415094339623
751,2001,346,317,0.37
752,2001,346,350,0.36666666666666664
753,2001,346,319,0.42574257425742573
754,2001,220,317,0.5257731958762887
755,2001,220,350,0.4830508474576271
756,2001,220,319,0.46226415094339623
757,2001,317,350,0.4811320754716981
758,2001,317,319,0.3564356435643564
759,2001,350,319,0.36666666666666664
760,2002,226,259,0.3392857142857143
761,2002,226,309,0.3942307692307692
762,2002,226,331,0.29838709677419356
763,2002,226,205,0.415929203539823
764,2002,226,206,0.41739130434782606
765,2002,226,303,0.415929203539823
766,2002,226,208,0.39603960396039606
767,2002,226,238,0.375
768,2002,226,307,0.4180327868852459
769,2002,226,244,0.40476190476190477
770,2002,226,254,0.32222222222222224
771,2002,226,222,0.4351851851851852
772,2002,226,343,0.39814814814814814
773,2002,226,308,0.36082474226804123
774,2002,226,346,0.43137254901960786
775,2002,226,220,0.5242718446601942
776,2002,226,317,0.4479166666666667
777,2002,226,350,0.4690265486725664
778,2002,226,319,0.3904761904761905
779,2002,259,309,0.37383177570093457
780,2002,259,331,0.28346456692913385
781,2002,259,205,0.4594594594594595
782,2002,259,206,0.43478260869565216
783,2002,259,303,0.42105263157894735
784,2002,259,208,0.3619047619047619
785,2002,259,238,0.4444444444444444
786,2002,259,307,0.35658914728682173
787,2002,259,244,0.4793388429752066
788,2002,259,254,0.23469387755102042
789,2002,259,222,0.42727272727272725
790,2002,259,343,0.39090909090909093
791,2002,259,308,0.45652173913043476
792,2002,259,346,0.4230769230769231
793,2002,259,220,0.41964285714285715
794,2002,259,317,0.2818181818181818
795,2002,259,350,0.3770491803278688
796,2002,259,319,0.5578947368421052
797,2002,309,331,0.3739130434782609
798,2002,309,205,0.35344827586206895
799,2002,309,206,0.44144144144144143
800,2002,309,303,0.4811320754716981
801,2002,309,208,0.3142857142857143
802,2002,309,238,0.46601941747572817
803,2002,309,307,0.42857142857142855
804,2002,309,244,0.4032258064516129
805,2002,309,254,0.23404255319148937
806,2002,309,222,0.38181818181818183
807,2002,309,343,0.45098039215686275
808,2002,309,308,0.35789473684210527
809,2002,309,346,0.4444444444444444
810,2002,309,220,0.375
811,2002,309,317,0.36
812,2002,309,350,0.4424778761061947
813,2002,309,319,0.3364485981308411
814,2002,331,205,0.26277372262773724
815,2002,331,206,0.3643410852713178
816,2002,331,303,0.3515625
817,2002,331,208,0.232
818,2002,331,238,0.3467741935483871
819,2002,331,307,0.4645669291338583
820,2002,331,244,0.4393939393939394
821,2002,331,254,0.17857142857142858
822,2002,331,222,0.3333333333333333
823,2002,331,343,0.43859649122807015
824,2002,331,308,0.23931623931623933
825,2002,331,346,0.2421875
826,2002,331,220,0.33858267716535434
827,2002,331,317,0.288135593220339
828,2002,331,350,0.3875968992248062
829,2002,331,319,0.3140495867768595
830,2002,205,206,0.5086206896551724
831,2002,205,303,0.4214876033057851
832,2002,205,208,0.44339622641509435
833,2002,205,238,0.3949579831932773
834,2002,205,307,0.4230769230769231
835,2002,205,244,0.42105263157894735
836,2002,205,254,0.28431372549019607
837,2002,205,222,0.4778761061946903
838,2002,205,343,0.4298245614035088
839,2002,205,308,0.42574257425742573
840,2002,205,346,0.42342342342342343
841,2002,205,220,0.6095238095238096
842,2002,205,317,0.4519230769230769
843,2002,205,350,0.44715447154471544
844,2002,205,319,0.43636363636363634
845,2002,206,303,0.49572649572649574
846,2002,206,208,0.39285714285714285
847,2002,206,238,0.5504587155963303
848,2002,206,307,0.4461538461538462
849,2002,206,244,0.5
850,2002,206,254,0.28846153846153844
851,2002,206,222,0.6666666666666666
852,2002,206,343,0.48214285714285715
853,2002,206,308,0.41346153846153844
854,2002,206,346,0.4636363636363636
855,2002,206,220,0.5779816513761468
856,2002,206,317,0.42592592592592593
857,2002,206,350,0.4596774193548387
858,2002,206,319,0.45045045045045046
859,2002,303,208,0.33043478260869563
860,2002,303,238,0.4954954954954955
861,2002,303,307,0.43410852713178294
862,2002,303,244,0.5241935483870968
863,2002,303,254,0.2018348623853211
864,2002,303,222,0.5045045045045045
865,2002,303,343,0.45535714285714285
866,2002,303,308,0.3333333333333333
867,2002,303,346,0.42342342342342343
868,2002,303,220,0.45689655172413796
869,2002,303,317,0.336283185840708
870,2002,303,350,0.5084745762711864
871,2002,303,319,0.3277310924369748
872,2002,208,238,0.41346153846153844
873,2002,208,307,0.36065573770491804
874,2002,208,244,0.36
875,2002,208,254,0.3333333333333333
876,2002,208,222,0.37037037037037035
877,2002,208,343,0.4117647058823529
878,2002,208,308,0.37362637362637363
879,2002,208,346,0.40404040404040403
880,2002,208,220,0.41509433962264153
881,2002,208,317,0.3894736842105263
882,2002,208,350,0.41964285714285715
883,2002,208,319,0.4479166666666667
884,2002,238,307,0.5169491525423728
885,2002,238,244,0.5
886,2002,238,254,0.32978723404255317
887,2002,238,222,0.47706422018348627
888,2002,238,343,0.5242718446601942
889,2002,238,308,0.3939393939393939
890,2002,238,346,0.4205607476635514
891,2002,238,220,0.4954128440366973
892,2002,238,317,0.46464646464646464
893,2002,238,350,0.4700854700854701
894,2002,238,319,0.4205607476635514
895,2002,307,244,0.5419847328244275
896,2002,307,254,0.2972972972972973
897,2002,307,222,0.42857142857142855
898,2002,307,343,0.543859649122807
899,2002,307,308,0.30833333333333335
900,2002,307,346,0.32558139534883723
901,2002,307,220,0.5166666666666667
902,2002,307,317,0.4642857142857143
903,2002,307,350,0.5403225806451613
904,2002,307,319,0.3902439024390244
905,2002,244,254,0.2231404958677686
906,2002,244,222,0.472
907,2002,244,343,0.5254237288135594
908,2002,244,308,0.319672131147541
909,2002,244,346,0.4112903225806452
910,2002,244,220,0.5245901639344263
911,2002,244,317,0.3770491803278688
912,2002,244,350,0.5354330708661418
913,2002,244,319,0.4112903225806452
914,2002,254,222,0.2727272727272727
915,2002,254,343,0.32608695652173914
916,2002,254,308,0.3037974683544304
917,2002,254,346,0.2857142857142857
918,2002,254,220,0.31958762886597936
919,2002,254,317,0.4864864864864865
920,2002,254,350,0.2803738317757009
921,2002,254,319,0.2857142857142857
922,2002,222,343,0.46296296296296297
923,2002,222,308,0.34951456310679613
924,2002,222,346,0.4166666666666667
925,2002,222,220,0.5327102803738317
926,2002,222,317,0.43137254901960786
927,2002,222,350,0.5043478260869565
928,2002,222,319,0.44339622641509435
929,2002,343,308,0.36363636363636365
930,2002,343,346,0.3925233644859813
931,2002,343,220,0.46788990825688076
932,2002,343,317,0.4639175257731959
933,2002,343,350,0.5089285714285714
934,2002,343,319,0.4326923076923077
935,2002,308,346,0.4606741573033708
936,2002,308,220,0.46875
937,2002,308,317,0.3225806451612903
938,2002,308,350,0.30434782608695654
939,2002,308,319,0.5294117647058824
940,2002,346,220,0.46226415094339623
941,2002,346,317,0.37
942,2002,346,350,0.36666666666666664
943,2002,346,319,0.42574257425742573
944,2002,220,317,0.5257731958762887
945,2002,220,350,0.4830508474576271
946,2002,220,319,0.46226415094339623
947,2002,317,350,0.4811320754716981
948,2002,317,319,0.3564356435643564
949,2002,350,319,0.36666666666666664
950,2003,226,259,0.3392857142857143
951,2003,226,309,0.3942307692307692
952,2003,226,331,0.29838709677419356
953,2003,226,205,0.415929203539823
954,2003,226,206,0.41739130434782606
955,2003,226,303,0.415929203539823
956,2003,226,208,0.39603960396039606
957,2003,226,238,0.375
958,2003,226,307,0.4180327868852459
959,2003,226,244,0.40476190476190477
960,2003,226,254,0.32222222222222224
961,2003,226,222,0.4351851851851852
962,2003,226,343,0.39814814814814814
963,2003,226,308,0.36082474226804123
964,2003,226,346,0.43137254901960786
965,2003,226,220,0.5242718446601942
966,2003,226,317,0.4479166666666667
967,2003,226,350,0.4690265486725664
968,2003,226,319,0.3904761904761905
969,2003,259,309,0.37383177570093457
970,2003,259,331,0.28346456692913385
971,2003,259,205,0.4594594594594595
972,2003,259,206,0.43478260869565216
973,2003,259,303,0.42105263157894735
974,2003,259,208,0.3619047619047619
975,2003,259,238,0.4444444444444444
976,2003,259,307,0.35658914728682173
977,2003,259,244,0.4793388429752066
978,2003,259,254,0.23469387755102042
979,2003,259,222,0.42727272727272725
980,2003,259,343,0.39090909090909093
981,2003,259,308,0.45652173913043476
982,2003,259,346,0.4230769230769231
983,2003,259,220,0.41964285714285715
984,2003,259,317,0.2818181818181818
985,2003,259,350,0.3770491803278688
986,2003,259,319,0.5578947368421052
987,2003,309,331,0.3739130434782609
988,2003,309,205,0.35344827586206895
989,2003,309,206,0.44144144144144143
990,2003,309,303,0.4811320754716981
991,2003,309,208,0.3142857142857143
992,2003,309,238,0.46601941747572817
993,2003,309,307,0.42857142857142855
994,2003,309,244,0.4032258064516129
995,2003,309,254,0.23404255319148937
996,2003,309,222,0.38181818181818183
997,2003,309,343,0.45098039215686275
998,2003,309,308,0.35789473684210527
999,2003,309,346,0.4444444444444444
1000,2003,309,220,0.375
1001,2003,309,317,0.36
1002,2003,309,350,0.4424778761061947
1003,2003,309,319,0.3364485981308411
1004,2003,331,205,0.26277372262773724
1005,2003,331,206,0.3643410852713178
1006,2003,331,303,0.3515625
1007,2003,331,208,0.232
1008,2003,331,238,0.3467741935483871
1009,2003,331,307,0.4645669291338583
1010,2003,331,244,0.4393939393939394
1011,2003,331,254,0.17857142857142858
1012,2003,331,222,0.3333333333333333
1013,2003,331,343,0.43859649122807015
1014,2003,331,308,0.23931623931623933
1015,2003,331,346,0.2421875
1016,2003,331,220,0.33858267716535434
1017,2003,331,317,0.288135593220339
1018,2003,331,350,0.3875968992248062
1019,2003,331,319,0.3140495867768595
1020,2003,205,206,0.5086206896551724
1021,2003,205,303,0.4214876033057851
1022,2003,205,208,0.44339622641509435
1023,2003,205,238,0.3949579831932773
1024,2003,205,307,0.4230769230769231
1025,2003,205,244,0.42105263157894735
1026,2003,205,254,0.28431372549019607
1027,2003,205,222,0.4778761061946903
1028,2003,205,343,0.4298245614035088
1029,2003,205,308,0.42574257425742573
1030,2003,205,346,0.42342342342342343
1031,2003,205,220,0.6095238095238096
1032,2003,205,317,0.4519230769230769
1033,2003,205,350,0.44715447154471544
1034,2003,205,319,0.43636363636363634
1035,2003,206,303,0.49572649572649574
1036,2003,206,208,0.39285714285714285
1037,2003,206,238,0.5504587155963303
1038,2003,206,307,0.4461538461538462
1039,2003,206,244,0.5
1040,2003,206,254,0.28846153846153844
1041,2003,206,222,0.6666666666666666
1042,2003,206,343,0.48214285714285715
1043,2003,206,308,0.41346153846153844
1044,2003,206,346,0.4636363636363636
1045,2003,206,220,0.5779816513761468
1046,2003,206,317,0.42592592592592593
1047,2003,206,350,0.4596774193548387
1048,2003,206,319,0.45045045045045046
1049,2003,303,208,0.33043478260869563
1050,2003,303,238,0.4954954954954955
1051,2003,303,307,0.43410852713178294
1052,2003,303,244,0.5241935483870968
1053,2003,303,254,0.2018348623853211
1054,2003,303,222,0.5045045045045045
1055,2003,303,343,0.45535714285714285
1056,2003,303,308,0.3333333333333333
1057,2003,303,346,0.42342342342342343
1058,2003,303,220,0.45689655172413796
1059,2003,303,317,0.336283185840708
1060,2003,303,350,0.5084745762711864
1061,2003,303,319,0.3277310924369748
1062,2003,208,238,0.41346153846153844
1063,2003,208,307,0.36065573770491804
1064,2003,208,244,0.36
1065,2003,208,254,0.3333333333333333
1066,2003,208,222,0.37037037037037035
1067,2003,208,343,0.4117647058823529
1068,2003,208,308,0.37362637362637363
1069,2003,208,346,0.40404040404040403
1070,2003,208,220,0.41509433962264153
1071,2003,208,317,0.3894736842105263
1072,2003,208,350,0.41964285714285715
1073,2003,208,319,0.4479166666666667
1074,2003,238,307,0.5169491525423728
1075,2003,238,244,0.5
1076,2003,238,254,0.32978723404255317
1077,2003,238,222,0.47706422018348627
1078,2003,238,343,0.5242718446601942
1079,2003,238,308,0.3939393939393939
1080,2003,238,346,0.4205607476635514
1081,2003,238,220,0.4954128440366973
1082,2003,238,317,0.46464646464646464
1083,2003,238,350,0.4700854700854701
1084,2003,238,319,0.4205607476635514
1085,2003,307,244,0.5419847328244275
1086,2003,307,254,0.2972972972972973
1087,2003,307,222,0.42857142857142855
1088,2003,307,343,0.543859649122807
1089,2003,307,308,0.30833333333333335
1090,2003,307,346,0.32558139534883723
1091,2003,307,220,0.5166666666666667
1092,2003,307,317,0.4642857142857143
1093,2003,307,350,0.5403225806451613
1094,2003,307,319,0.3902439024390244
1095,2003,244,254,0.2231404958677686
1096,2003,244,222,0.472
1097,2003,244,343,0.5254237288135594
1098,2003,244,308,0.319672131147541
1099,2003,244,346,0.4112903225806452
1100,2003,244,220,0.5245901639344263
1101,2003,244,317,0.3770491803278688
1102,2003,244,350,0.5354330708661418
1103,2003,244,319,0.4112903225806452
1104,2003,254,222,0.2727272727272727
1105,2003,254,343,0.32608695652173914
1106,2003,254,308,0.3037974683544304
1107,2003,254,346,0.2857142857142857
1108,2003,254,220,0.31958762886597936
1109,2003,254,317,0.4864864864864865
1110,2003,254,350,0.2803738317757009
1111,2003,254,319,0.2857142857142857
1112,2003,222,343,0.46296296296296297
1113,2003,222,308,0.34951456310679613
1114,2003,222,346,0.4166666666666667
1115,2003,222,220,0.5327102803738317
1116,2003,222,317,0.43137254901960786
1117,2003,222,350,0.5043478260869565
1118,2003,222,319,0.44339622641509435
1119,2003,343,308,0.36363636363636365
1120,2003,343,346,0.3925233644859813
1121,2003,343,220,0.46788990825688076
1122,2003,343,317,0.4639175257731959
1123,2003,343,350,0.5089285714285714
1124,2003,343,319,0.4326923076923077
1125,2003,308,346,0.4606741573033708
1126,2003,308,220,0.46875
1127,2003,308,317,0.3225806451612903
1128,2003,308,350,0.30434782608695654
1129,2003,308,319,0.5294117647058824
1130,2003,346,220,0.46226415094339623
1131,2003,346,317,0.37
1132,2003,346,350,0.36666666666666664
1133,2003,346,319,0.42574257425742573
1134,2003,220,317,0.5257731958762887
1135,2003,220,350,0.4830508474576271
1136,2003,220,319,0.46226415094339623
1137,2003,317,350,0.4811320754716981
1138,2003,317,319,0.3564356435643564
1139,2003,350,319,0.36666666666666664
1140,2004,226,259,0.3392857142857143
1141,2004,226,309,0.3942307692307692
1142,2004,226,331,0.29838709677419356
1143,2004,226,205,0.415929203539823
1144,2004,226,206,0.41739130434782606
1145,2004,226,303,0.415929203539823
1146,2004,226,208,0.39603960396039606
1147,2004,226,238,0.375
1148,2004,226,307,0.4180327868852459
1149,2004,226,244,0.40476190476190477
1150,2004,226,254,0.32222222222222224
1151,2004,226,222,0.4351851851851852
1152,2004,226,343,0.39814814814814814
1153,2004,226,308,0.36082474226804123
1154,2004,226,346,0.43137254901960786
1155,2004,226,220,0.5242718446601942
1156,2004,226,317,0.4479166666666667
1157,2004,226,350,0.4690265486725664
1158,2004,226,319,0.3904761904761905
1159,2004,259,309,0.37383177570093457
1160,2004,259,331,0.28346456692913385
1161,2004,259,205,0.4594594594594595
1162,2004,259,206,0.43478260869565216
1163,2004,259,303,0.42105263157894735
1164,2004,259,208,0.3619047619047619
1165,2004,259,238,0.4444444444444444
1166,2004,259,307,0.35658914728682173
1167,2004,259,244,0.4793388429752066
1168,2004,259,254,0.23469387755102042
1169,2004,259,222,0.42727272727272725
1170,2004,259,343,0.39090909090909093
1171,2004,259,308,0.45652173913043476
1172,2004,259,346,0.4230769230769231
1173,2004,259,220,0.41964285714285715
1174,2004,259,317,0.2818181818181818
1175,2004,259,350,0.3770491803278688
1176,2004,259,319,0.5578947368421052
1177,2004,309,331,0.3739130434782609
1178,2004,309,205,0.35344827586206895
1179,2004,309,206,0.44144144144144143
1180,2004,309,303,0.4811320754716981
1181,2004,309,208,0.3142857142857143
1182,2004,309,238,0.46601941747572817
1183,2004,309,307,0.42857142857142855
1184,2004,309,244,0.4032258064516129
1185,2004,309,254,0.23404255319148937
1186,2004,309,222,0.38181818181818183
1187,2004,309,343,0.45098039215686275
1188,2004,309,308,0.35789473684210527
1189,2004,309,346,0.4444444444444444
1190,2004,309,220,0.375
1191,2004,309,317,0.36
1192,2004,309,350,0.4424778761061947
1193,2004,309,319,0.3364485981308411
1194,2004,331,205,0.26277372262773724
1195,2004,331,206,0.3643410852713178
1196,2004,331,303,0.3515625
1197,2004,331,208,0.232
1198,2004,331,238,0.3467741935483871
1199,2004,331,307,0.4645669291338583
1200,2004,331,244,0.4393939393939394
1201,2004,331,254,0.17857142857142858
1202,2004,331,222,0.3333333333333333
1203,2004,331,343,0.43859649122807015
1204,2004,331,308,0.23931623931623933
1205,2004,331,346,0.2421875
1206,2004,331,220,0.33858267716535434
1207,2004,331,317,0.288135593220339
1208,2004,331,350,0.3875968992248062
1209,2004,331,319,0.3140495867768595
1210,2004,205,206,0.5086206896551724
1211,2004,205,303,0.4214876033057851
1212,2004,205,208,0.44339622641509435
1213,2004,205,238,0.3949579831932773
1214,2004,205,307,0.4230769230769231
1215,2004,205,244,0.42105263157894735
1216,2004,205,254,0.28431372549019607
1217,2004,205,222,0.4778761061946903
1218,2004,205,343,0.4298245614035088
1219,2004,205,308,0.42574257425742573
1220,2004,205,346,0.42342342342342343
1221,2004,205,220,0.6095238095238096
1222,2004,205,317,0.4519230769230769
1223,2004,205,350,0.44715447154471544
1224,2004,205,319,0.43636363636363634
1225,2004,206,303,0.49572649572649574
1226,2004,206,208,0.39285714285714285
1227,2004,206,238,0.5504587155963303
1228,2004,206,307,0.4461538461538462
1229,2004,206,244,0.5
1230,2004,206,254,0.28846153846153844
1231,2004,206,222,0.6666666666666666
1232,2004,206,343,0.48214285714285715
1233,2004,206,308,0.41346153846153844
1234,2004,206,346,0.4636363636363636
1235,2004,206,220,0.5779816513761468
1236,2004,206,317,0.42592592592592593
1237,2004,206,350,0.4596774193548387
1238,2004,206,319,0.45045045045045046
1239,2004,303,208,0.33043478260869563
1240,2004,303,238,0.4954954954954955
1241,2004,303,307,0.43410852713178294
1242,2004,303,244,0.5241935483870968
1243,2004,303,254,0.2018348623853211
1244,2004,303,222,0.5045045045045045
1245,2004,303,343,0.45535714285714285
1246,2004,303,308,0.3333333333333333
1247,2004,303,346,0.42342342342342343
1248,2004,303,220,0.45689655172413796
1249,2004,303,317,0.336283185840708
1250,2004,303,350,0.5084745762711864
1251,2004,303,319,0.3277310924369748
1252,2004,208,238,0.41346153846153844
1253,2004,208,307,0.36065573770491804
1254,2004,208,244,0.36
1255,2004,208,254,0.3333333333333333
1256,2004,208,222,0.37037037037037035
1257,2004,208,343,0.4117647058823529
1258,2004,208,308,0.37362637362637363
1259,2004,208,346,0.40404040404040403
1260,2004,208,220,0.41509433962264153
1261,2004,208,317,0.3894736842105263
1262,2004,208,350,0.41964285714285715
1263,2004,208,319,0.4479166666666667
1264,2004,238,307,0.5169491525423728
1265,2004,238,244,0.5
1266,2004,238,254,0.32978723404255317
1267,2004,238,222,0.47706422018348627
1268,2004,238,343,0.5242718446601942
1269,2004,238,308,0.3939393939393939
1270,2004,238,346,0.4205607476635514
1271,2004,238,220,0.4954128440366973
1272,2004,238,317,0.46464646464646464
1273,2004,238,350,0.4700854700854701
1274,2004,238,319,0.4205607476635514
1275,2004,307,244,0.5419847328244275
1276,2004,307,254,0.2972972972972973
1277,2004,307,222,0.42857142857142855
1278,2004,307,343,0.543859649122807
1279,2004,307,308,0.30833333333333335
1280,2004,307,346,0.32558139534883723
1281,2004,307,220,0.5166666666666667
1282,2004,307,317,0.4642857142857143
1283,2004,307,350,0.5403225806451613
1284,2004,307,319,0.3902439024390244
1285,2004,244,254,0.2231404958677686
1286,2004,244,222,0.472
1287,2004,244,343,0.5254237288135594
1288,2004,244,308,0.319672131147541
1289,2004,244,346,0.4112903225806452
1290,2004,244,220,0.5245901639344263
1291,2004,244,317,0.3770491803278688
1292,2004,244,350,0.5354330708661418
1293,2004,244,319,0.4112903225806452
1294,2004,254,222,0.2727272727272727
1295,2004,254,343,0.32608695652173914
1296,2004,254,308,0.3037974683544304
1297,2004,254,346,0.2857142857142857
1298,2004,254,220,0.31958762886597936
1299,2004,254,317,0.4864864864864865
1300,2004,254,350,0.2803738317757009
1301,2004,254,319,0.2857142857142857
1302,2004,222,343,0.46296296296296297
1303,2004,222,308,0.34951456310679613
1304,2004,222,346,0.4166666666666667
1305,2004,222,220,0.5327102803738317
1306,2004,222,317,0.43137254901960786
1307,2004,222,350,0.5043478260869565
1308,2004,222,319,0.44339622641509435
1309,2004,343,308,0.36363636363636365
1310,2004,343,346,0.3925233644859813
1311,2004,343,220,0.46788990825688076
1312,2004,343,317,0.4639175257731959
1313,2004,343,350,0.5089285714285714
1314,2004,343,319,0.4326923076923077
1315,2004,308,346,0.4606741573033708
1316,2004,308,220,0.46875
1317,2004,308,317,0.3225806451612903
1318,2004,308,350,0.30434782608695654
1319,2004,308,319,0.5294117647058824
1320,2004,346,220,0.46226415094339623
1321,2004,346,317,0.37
1322,2004,346,350,0.36666666666666664
1323,2004,346,319,0.42574257425742573
1324,2004,220,317,0.5257731958762887
1325,2004,220,350,0.4830508474576271
1326,2004,220,319,0.46226415094339623
1327,2004,317,350,0.4811320754716981
1328,2004,317,319,0.3564356435643564
1329,2004,350,319,0.36666666666666664
1330,2005,226,259,0.3392857142857143
1331,2005,226,309,0.3942307692307692
1332,2005,226,331,0.29838709677419356
1333,2005,226,205,0.415929203539823
1334,2005,226,206,0.41739130434782606
1335,2005,226,303,0.415929203539823
1336,2005,226,208,0.39603960396039606
1337,2005,226,238,0.375
1338,2005,226,307,0.4180327868852459
1339,2005,226,244,0.40476190476190477
1340,2005,226,254,0.32222222222222224
1341,2005,226,222,0.4351851851851852
1342,2005,226,343,0.39814814814814814
1343,2005,226,308,0.36082474226804123
1344,2005,226,346,0.43137254901960786
1345,2005,226,220,0.5242718446601942
1346,2005,226,317,0.4479166666666667
1347,2005,226,350,0.4690265486725664
1348,2005,226,319,0.3904761904761905
1349,2005,259,309,0.37383177570093457
1350,2005,259,331,0.28346456692913385
1351,2005,259,205,0.4594594594594595
1352,2005,259,206,0.43478260869565216
1353,2005,259,303,0.42105263157894735
1354,2005,259,208,0.3619047619047619
1355,2005,259,238,0.4444444444444444
1356,2005,259,307,0.35658914728682173
1357,2005,259,244,0.4793388429752066
1358,2005,259,254,0.23469387755102042
1359,2005,259,222,0.42727272727272725
1360,2005,259,343,0.39090909090909093
1361,2005,259,308,0.45652173913043476
1362,2005,259,346,0.4230769230769231
1363,2005,259,220,0.41964285714285715
1364,2005,259,317,0.2818181818181818
1365,2005,259,350,0.3770491803278688
1366,2005,259,319,0.5578947368421052
1367,2005,309,331,0.3739130434782609
1368,2005,309,205,0.35344827586206895
1369,2005,309,206,0.44144144144144143
1370,2005,309,303,0.4811320754716981
1371,2005,309,208,0.3142857142857143
1372,2005,309,238,0.46601941747572817
1373,2005,309,307,0.42857142857142855
1374,2005,309,244,0.4032258064516129
1375,2005,309,254,0.23404255319148937
1376,2005,309,222,0.38181818181818183
1377,2005,309,343,0.45098039215686275
1378,2005,309,308,0.35789473684210527
1379,2005,309,346,0.4444444444444444
1380,2005,309,220,0.375
1381,2005,309,317,0.36
1382,2005,309,350,0.4424778761061947
1383,2005,309,319,0.3364485981308411
1384,2005,331,205,0.26277372262773724
1385,2005,331,206,0.3643410852713178
1386,2005,331,303,0.3515625
1387,2005,331,208,0.232
1388,2005,331,238,0.3467741935483871
1389,2005,331,307,0.4645669291338583
1390,2005,331,244,0.4393939393939394
1391,2005,331,254,0.17857142857142858
1392,2005,331,222,0.3333333333333333
1393,2005,331,343,0.43859649122807015
1394,2005,331,308,0.23931623931623933
1395,2005,331,346,0.2421875
1396,2005,331,220,0.33858267716535434
1397,2005,331,317,0.288135593220339
1398,2005,331,350,0.3875968992248062
1399,2005,331,319,0.3140495867768595
1400,2005,205,206,0.5086206896551724
1401,2005,205,303,0.4214876033057851
1402,2005,205,208,0.44339622641509435
1403,2005,205,238,0.3949579831932773
1404,2005,205,307,0.4230769230769231
1405,2005,205,244,0.42105263157894735
1406,2005,205,254,0.28431372549019607
1407,2005,205,222,0.4778761061946903
1408,2005,205,343,0.4298245614035088
1409,2005,205,308,0.42574257425742573
1410,2005,205,346,0.42342342342342343
1411,2005,205,220,0.6095238095238096
1412,2005,205,317,0.4519230769230769
1413,2005,205,350,0.44715447154471544
1414,2005,205,319,0.43636363636363634
1415,2005,206,303,0.49572649572649574
1416,2005,206,208,0.39285714285714285
1417,2005,206,238,0.5504587155963303
1418,2005,206,307,0.4461538461538462
1419,2005,206,244,0.5
1420,2005,206,254,0.28846153846153844
1421,2005,206,222,0.6666666666666666
1422,2005,206,343,0.48214285714285715
1423,2005,206,308,0.41346153846153844
1424,2005,206,346,0.4636363636363636
1425,2005,206,220,0.5779816513761468
1426,2005,206,317,0.42592592592592593
1427,2005,206,350,0.4596774193548387
1428,2005,206,319,0.45045045045045046
1429,2005,303,208,0.33043478260869563
1430,2005,303,238,0.4954954954954955
1431,2005,303,307,0.43410852713178294
1432,2005,303,244,0.5241935483870968
1433,2005,303,254,0.2018348623853211
1434,2005,303,222,0.5045045045045045
1435,2005,303,343,0.45535714285714285
1436,2005,303,308,0.3333333333333333
1437,2005,303,346,0.42342342342342343
1438,2005,303,220,0.45689655172413796
1439,2005,303,317,0.336283185840708
1440,2005,303,350,0.5084745762711864
1441,2005,303,319,0.3277310924369748
1442,2005,208,238,0.41346153846153844
1443,2005,208,307,0.36065573770491804
1444,2005,208,244,0.36
1445,2005,208,254,0.3333333333333333
1446,2005,208,222,0.37037037037037035
1447,2005,208,343,0.4117647058823529
1448,2005,208,308,0.37362637362637363
1449,2005,208,346,0.40404040404040403
1450,2005,208,220,0.41509433962264153
1451,2005,208,317,0.3894736842105263
1452,2005,208,350,0.41964285714285715
1453,2005,208,319,0.4479166666666667
1454,2005,238,307,0.5169491525423728
1455,2005,238,244,0.5
1456,2005,238,254,0.32978723404255317
1457,2005,238,222,0.47706422018348627
1458,2005,238,343,0.5242718446601942
1459,2005,238,308,0.3939393939393939
1460,2005,238,346,0.4205607476635514
1461,2005,238,220,0.4954128440366973
1462,2005,238,317,0.46464646464646464
1463,2005,238,350,0.4700854700854701
1464,2005,238,319,0.4205607476635514
1465,2005,307,244,0.5419847328244275
1466,2005,307,254,0.2972972972972973
1467,2005,307,222,0.42857142857142855
1468,2005,307,343,0.543859649122807
1469,2005,307,308,0.30833333333333335
1470,2005,307,346,0.32558139534883723
1471,2005,307,220,0.5166666666666667
1472,2005,307,317,0.4642857142857143
1473,2005,307,350,0.5403225806451613
1474,2005,307,319,0.3902439024390244
1475,2005,244,254,0.2231404958677686
1476,2005,244,222,0.472
1477,2005,244,343,0.5254237288135594
1478,2005,244,308,0.319672131147541
1479,2005,244,346,0.4112903225806452
1480,2005,244,220,0.5245901639344263
1481,2005,244,317,0.3770491803278688
1482,2005,244,350,0.5354330708661418
1483,2005,244,319,0.4112903225806452
1484,2005,254,222,0.2727272727272727
1485,2005,254,343,0.32608695652173914
1486,2005,254,308,0.3037974683544304
1487,2005,254,346,0.2857142857142857
1488,2005,254,220,0.31958762886597936
1489,2005,254,317,0.4864864864864865
1490,2005,254,350,0.2803738317757009
1491,2005,254,319,0.2857142857142857
1492,2005,222,343,0.46296296296296297
1493,2005,222,308,0.34951456310679613
1494,2005,222,346,0.4166666666666667
1495,2005,222,220,0.5327102803738317
1496,2005,222,317,0.43137254901960786
1497,2005,222,350,0.5043478260869565
1498,2005,222,319,0.44339622641509435
1499,2005,343,308,0.36363636363636365
1500,2005,343,346,0.3925233644859813
1501,2005,343,220,0.46788990825688076
1502,2005,343,317,0.4639175257731959
1503,2005,343,350,0.5089285714285714
1504,2005,343,319,0.4326923076923077
1505,2005,308,346,0.4606741573033708
1506,2005,308,220,0.46875
1507,2005,308,317,0.3225806451612903
1508,2005,308,350,0.30434782608695654
1509,2005,308,319,0.5294117647058824
1510,2005,346,220,0.46226415094339623
1511,2005,346,317,0.37
1512,2005,346,350,0.36666666666666664
1513,2005,346,319,0.42574257425742573
1514,2005,220,317,0.5257731958762887
1515,2005,220,350,0.4830508474576271
1516,2005,220,319,0.46226415094339623
1517,2005,317,350,0.4811320754716981
1518,2005,317,319,0.3564356435643564
1519,2005,350,319,0.36666666666666664
1520,2006,226,259,0.3392857142857143
1521,2006,226,309,0.3942307692307692
1522,2006,226,331,0.29838709677419356
1523,2006,226,205,0.415929203539823
1524,2006,226,206,0.41739130434782606
1525,2006,226,303,0.415929203539823
1526,2006,226,208,0.39603960396039606
1527,2006,226,238,0.375
1528,2006,226,307,0.4180327868852459
1529,2006,226,244,0.40476190476190477
1530,2006,226,254,0.32222222222222224
1531,2006,226,222,0.4351851851851852
1532,2006,226,343,0.39814814814814814
1533,2006,226,308,0.36082474226804123
1534,2006,226,346,0.43137254901960786
1535,2006,226,220,0.5242718446601942
1536,2006,226,317,0.4479166666666667
1537,2006,226,350,0.4690265486725664
1538,2006,226,319,0.3904761904761905
1539,2006,259,309,0.37383177570093457
1540,2006,259,331,0.28346456692913385
1541,2006,259,205,0.4594594594594595
1542,2006,259,206,0.43478260869565216
1543,2006,259,303,0.42105263157894735
1544,2006,259,208,0.3619047619047619
1545,2006,259,238,0.4444444444444444
1546,2006,259,307,0.35658914728682173
1547,2006,259,244,0.4793388429752066
1548,2006,259,254,0.23469387755102042
1549,2006,259,222,0.42727272727272725
1550,2006,259,343,0.39090909090909093
1551,2006,259,308,0.45652173913043476
1552,2006,259,346,0.4230769230769231
1553,2006,259,220,0.41964285714285715
1554,2006,259,317,0.2818181818181818
1555,2006,259,350,0.3770491803278688
1556,2006,259,319,0.5578947368421052
1557,2006,309,331,0.3739130434782609
1558,2006,309,205,0.35344827586206895
1559,2006,309,206,0.44144144144144143
1560,2006,309,303,0.4811320754716981
1561,2006,309,208,0.3142857142857143
1562,2006,309,238,0.46601941747572817
1563,2006,309,307,0.42857142857142855
1564,2006,309,244,0.4032258064516129
1565,2006,309,254,0.23404255319148937
1566,2006,309,222,0.38181818181818183
1567,2006,309,343,0.45098039215686275
1568,2006,309,308,0.35789473684210527
1569,2006,309,346,0.4444444444444444
1570,2006,309,220,0.375
1571,2006,309,317,0.36
1572,2006,309,350,0.4424778761061947
1573,2006,309,319,0.3364485981308411
1574,2006,331,205,0.26277372262773724
1575,2006,331,206,0.3643410852713178
1576,2006,331,303,0.3515625
1577,2006,331,208,0.232
1578,2006,331,238,0.3467741935483871
1579,2006,331,307,0.4645669291338583
1580,2006,331,244,0.4393939393939394
1581,2006,331,254,0.17857142857142858
1582,2006,331,222,0.3333333333333333
1583,2006,331,343,0.43859649122807015
1584,2006,331,308,0.23931623931623933
1585,2006,331,346,0.2421875
1586,2006,331,220,0.33858267716535434
1587,2006,331,317,0.288135593220339
1588,2006,331,350,0.3875968992248062
1589,2006,331,319,0.3140495867768595
1590,2006,205,206,0.5086206896551724
1591,2006,205,303,0.4214876033057851
1592,2006,205,208,0.44339622641509435
1593,2006,205,238,0.3949579831932773
1594,2006,205,307,0.4230769230769231
1595,2006,205,244,0.42105263157894735
1596,2006,205,254,0.28431372549019607
1597,2006,205,222,0.4778761061946903
1598,2006,205,343,0.4298245614035088
1599,2006,205,308,0.42574257425742573
1600,2006,205,346,0.42342342342342343
1601,2006,205,220,0.6095238095238096
1602,2006,205,317,0.4519230769230769
1603,2006,205,350,0.44715447154471544
1604,2006,205,319,0.43636363636363634
1605,2006,206,303,0.49572649572649574
1606,2006,206,208,0.39285714285714285
1607,2006,206,238,0.5504587155963303
1608,2006,206,307,0.4461538461538462
1609,2006,206,244,0.5
1610,2006,206,254,0.28846153846153844
1611,2006,206,222,0.6666666666666666
1612,2006,206,343,0.48214285714285715
1613,2006,206,308,0.41346153846153844
1614,2006,206,346,0.4636363636363636
1615,2006,206,220,0.5779816513761468
1616,2006,206,317,0.42592592592592593
1617,2006,206,350,0.4596774193548387
1618,2006,206,319,0.45045045045045046
1619,2006,303,208,0.33043478260869563
1620,2006,303,238,0.4954954954954955
1621,2006,303,307,0.43410852713178294
1622,2006,303,244,0.5241935483870968
1623,2006,303,254,0.2018348623853211
1624,2006,303,222,0.5045045045045045
1625,2006,303,343,0.45535714285714285
1626,2006,303,308,0.3333333333333333
1627,2006,303,346,0.42342342342342343
1628,2006,303,220,0.45689655172413796
1629,2006,303,317,0.336283185840708
1630,2006,303,350,0.5084745762711864
1631,2006,303,319,0.3277310924369748
1632,2006,208,238,0.41346153846153844
1633,2006,208,307,0.36065573770491804
1634,2006,208,244,0.36
1635,2006,208,254,0.3333333333333333
1636,2006,208,222,0.37037037037037035
1637,2006,208,343,0.4117647058823529
1638,2006,208,308,0.37362637362637363
1639,2006,208,346,0.40404040404040403
1640,2006,208,220,0.41509433962264153
1641,2006,208,317,0.3894736842105263
1642,2006,208,350,0.41964285714285715
1643,2006,208,319,0.4479166666666667
1644,2006,238,307,0.5169491525423728
1645,2006,238,244,0.5
1646,2006,238,254,0.32978723404255317
1647,2006,238,222,0.47706422018348627
1648,2006,238,343,0.5242718446601942
1649,2006,238,308,0.3939393939393939
1650,2006,238,346,0.4205607476635514
1651,2006,238,220,0.4954128440366973
1652,2006,238,317,0.46464646464646464
1653,2006,238,350,0.4700854700854701
1654,2006,238,319,0.4205607476635514
1655,2006,307,244,0.5419847328244275
1656,2006,307,254,0.2972972972972973
1657,2006,307,222,0.42857142857142855
1658,2006,307,343,0.543859649122807
1659,2006,307,308,0.30833333333333335
1660,2006,307,346,0.32558139534883723
1661,2006,307,220,0.5166666666666667
1662,2006,307,317,0.4642857142857143
1663,2006,307,350,0.5403225806451613
1664,2006,307,319,0.3902439024390244
1665,2006,244,254,0.2231404958677686
1666,2006,244,222,0.472
1667,2006,244,343,0.5254237288135594
1668,2006,244,308,0.319672131147541
1669,2006,244,346,0.4112903225806452
1670,2006,244,220,0.5245901639344263
1671,2006,244,317,0.3770491803278688
1672,2006,244,350,0.5354330708661418
1673,2006,244,319,0.4112903225806452
1674,2006,254,222,0.2727272727272727
1675,2006,254,343,0.32608695652173914
1676,2006,254,308,0.3037974683544304
1677,2006,254,346,0.2857142857142857
1678,2006,254,220,0.31958762886597936
1679,2006,254,317,0.4864864864864865
1680,2006,254,350,0.2803738317757009
1681,2006,254,319,0.2857142857142857
1682,2006,222,343,0.46296296296296297
1683,2006,222,308,0.34951456310679613
1684,2006,222,346,0.4166666666666667
1685,2006,222,220,0.5327102803738317
1686,2006,222,317,0.43137254901960786
1687,2006,222,350,0.5043478260869565
1688,2006,222,319,0.44339622641509435
1689,2006,343,308,0.36363636363636365
1690,2006,343,346,0.3925233644859813
1691,2006,343,220,0.46788990825688076
1692,2006,343,317,0.4639175257731959
1693,2006,343,350,0.5089285714285714
1694,2006,343,319,0.4326923076923077
1695,2006,308,346,0.4606741573033708
1696,2006,308,220,0.46875
1697,2006,308,317,0.3225806451612903
1698,2006,308,350,0.30434782608695654
1699,2006,308,319,0.5294117647058824
1700,2006,346,220,0.46226415094339623
1701,2006,346,317,0.37
1702,2006,346,350,0.36666666666666664
1703,2006,346,319,0.42574257425742573
1704,2006,220,317,0.5257731958762887
1705,2006,220,350,0.4830508474576271
1706,2006,220,319,0.46226415094339623
1707,2006,317,350,0.4811320754716981
1708,2006,317,319,0.3564356435643564
1709,2006,350,319,0.36666666666666664
1710,2007,226,259,0.3392857142857143
1711,2007,226,309,0.3942307692307692
1712,2007,226,331,0.29838709677419356
1713,2007,226,205,0.415929203539823
1714,2007,226,206,0.41739130434782606
1715,2007,226,303,0.415929203539823
1716,2007,226,208,0.39603960396039606
1717,2007,226,238,0.375
1718,2007,226,307,0.4180327868852459
1719,2007,226,244,0.40476190476190477
1720,2007,226,254,0.32222222222222224
1721,2007,226,222,0.4351851851851852
1722,2007,226,343,0.39814814814814814
1723,2007,226,308,0.36082474226804123
1724,2007,226,346,0.43137254901960786
1725,2007,226,220,0.5242718446601942
1726,2007,226,317,0.4479166666666667
1727,2007,226,350,0.4690265486725664
1728,2007,226,319,0.3904761904761905
1729,2007,259,309,0.37383177570093457
1730,2007,259,331,0.28346456692913385
1731,2007,259,205,0.4594594594594595
1732,2007,259,206,0.43478260869565216
1733,2007,259,303,0.42105263157894735
1734,2007,259,208,0.3619047619047619
1735,2007,259,238,0.4444444444444444
1736,2007,259,307,0.35658914728682173
1737,2007,259,244,0.4793388429752066
1738,2007,259,254,0.23469387755102042
1739,2007,259,222,0.42727272727272725
1740,2007,259,343,0.39090909090909093
1741,2007,259,308,0.45652173913043476
1742,2007,259,346,0.4230769230769231
1743,2007,259,220,0.41964285714285715
1744,2007,259,317,0.2818181818181818
1745,2007,259,350,0.3770491803278688
1746,2007,259,319,0.5578947368421052
1747,2007,309,331,0.3739130434782609
1748,2007,309,205,0.35344827586206895
1749,2007,309,206,0.44144144144144143
1750,2007,309,303,0.4811320754716981
1751,2007,309,208,0.3142857142857143
1752,2007,309,238,0.46601941747572817
1753,2007,309,307,0.42857142857142855
1754,2007,309,244,0.4032258064516129
1755,2007,309,254,0.23404255319148937
1756,2007,309,222,0.38181818181818183
1757,2007,309,343,0.45098039215686275
1758,2007,309,308,0.35789473684210527
1759,2007,309,346,0.4444444444444444
1760,2007,309,220,0.375
1761,2007,309,317,0.36
1762,2007,309,350,0.4424778761061947
1763,2007,309,319,0.3364485981308411
1764,2007,331,205,0.26277372262773724
1765,2007,331,206,0.3643410852713178
1766,2007,331,303,0.3515625
1767,2007,331,208,0.232
1768,2007,331,238,0.3467741935483871
1769,2007,331,307,0.4645669291338583
1770,2007,331,244,0.4393939393939394
1771,2007,331,254,0.17857142857142858
1772,2007,331,222,0.3333333333333333
1773,2007,331,343,0.43859649122807015
1774,2007,331,308,0.23931623931623933
1775,2007,331,346,0.2421875
1776,2007,331,220,0.33858267716535434
1777,2007,331,317,0.288135593220339
1778,2007,331,350,0.3875968992248062
1779,2007,331,319,0.3140495867768595
1780,2007,205,206,0.5086206896551724
1781,2007,205,303,0.4214876033057851
1782,2007,205,208,0.44339622641509435
1783,2007,205,238,0.3949579831932773
1784,2007,205,307,0.4230769230769231
1785,2007,205,244,0.42105263157894735
1786,2007,205,254,0.28431372549019607
1787,2007,205,222,0.4778761061946903
1788,2007,205,343,0.4298245614035088
1789,2007,205,308,0.42574257425742573
1790,2007,205,346,0.42342342342342343
1791,2007,205,220,0.6095238095238096
1792,2007,205,317,0.4519230769230769
1793,2007,205,350,0.44715447154471544
1794,2007,205,319,0.43636363636363634
1795,2007,206,303,0.49572649572649574
1796,2007,206,208,0.39285714285714285
1797,2007,206,238,0.5504587155963303
1798,2007,206,307,0.4461538461538462
1799,2007,206,244,0.5
1800,2007,206,254,0.28846153846153844
1801,2007,206,222,0.6666666666666666
1802,2007,206,343,0.48214285714285715
1803,2007,206,308,0.41346153846153844
1804,2007,206,346,0.4636363636363636
1805,2007,206,220,0.5779816513761468
1806,2007,206,317,0.42592592592592593
1807,2007,206,350,0.4596774193548387
1808,2007,206,319,0.45045045045045046
1809,2007,303,208,0.33043478260869563
1810,2007,303,238,0.4954954954954955
1811,2007,303,307,0.43410852713178294
1812,2007,303,244,0.5241935483870968
1813,2007,303,254,0.2018348623853211
1814,2007,303,222,0.5045045045045045
1815,2007,303,343,0.45535714285714285
1816,2007,303,308,0.3333333333333333
1817,2007,303,346,0.42342342342342343
1818,2007,303,220,0.45689655172413796
1819,2007,303,317,0.336283185840708
1820,2007,303,350,0.5084745762711864
1821,2007,303,319,0.3277310924369748
1822,2007,208,238,0.41346153846153844
1823,2007,208,307,0.36065573770491804
1824,2007,208,244,0.36
1825,2007,208,254,0.3333333333333333
1826,2007,208,222,0.37037037037037035
1827,2007,208,343,0.4117647058823529
1828,2007,208,308,0.37362637362637363
1829,2007,208,346,0.40404040404040403
1830,2007,208,220,0.41509433962264153
1831,2007,208,317,0.3894736842105263
1832,2007,208,350,0.41964285714285715
1833,2007,208,319,0.4479166666666667
1834,2007,238,307,0.5169491525423728
1835,2007,238,244,0.5
1836,2007,238,254,0.32978723404255317
1837,2007,238,222,0.47706422018348627
1838,2007,238,343,0.5242718446601942
1839,2007,238,308,0.3939393939393939
1840,2007,238,346,0.4205607476635514
1841,2007,238,220,0.4954128440366973
1842,2007,238,317,0.46464646464646464
1843,2007,238,350,0.4700854700854701
1844,2007,238,319,0.4205607476635514
1845,2007,307,244,0.5419847328244275
1846,2007,307,254,0.2972972972972973
1847,2007,307,222,0.42857142857142855
1848,2007,307,343,0.543859649122807
1849,2007,307,308,0.30833333333333335
1850,2007,307,346,0.32558139534883723
1851,2007,307,220,0.5166666666666667
1852,2007,307,317,0.4642857142857143
1853,2007,307,350,0.5403225806451613
1854,2007,307,319,0.3902439024390244
1855,2007,244,254,0.2231404958677686
1856,2007,244,222,0.472
1857,2007,244,343,0.5254237288135594
1858,2007,244,308,0.319672131147541
1859,2007,244,346,0.4112903225806452
1860,2007,244,220,0.5245901639344263
1861,2007,244,317,0.3770491803278688
1862,2007,244,350,0.5354330708661418
1863,2007,244,319,0.4112903225806452
1864,2007,254,222,0.2727272727272727
1865,2007,254,343,0.32608695652173914
1866,2007,254,308,0.3037974683544304
1867,2007,254,346,0.2857142857142857
1868,2007,254,220,0.31958762886597936
1869,2007,254,317,0.4864864864864865
1870,2007,254,350,0.2803738317757009
1871,2007,254,319,0.2857142857142857
1872,2007,222,343,0.46296296296296297
1873,2007,222,308,0.34951456310679613
1874,2007,222,346,0.4166666666666667
1875,2007,222,220,0.5327102803738317
1876,2007,222,317,0.43137254901960786
1877,2007,222,350,0.5043478260869565
1878,2007,222,319,0.44339622641509435
1879,2007,343,308,0.36363636363636365
1880,2007,343,346,0.3925233644859813
1881,2007,343,220,0.46788990825688076
1882,2007,343,317,0.4639175257731959
1883,2007,343,350,0.5089285714285714
1884,2007,343,319,0.4326923076923077
1885,2007,308,346,0.4606741573033708
1886,2007,308,220,0.46875
1887,2007,308,317,0.3225806451612903
1888,2007,308,350,0.30434782608695654
1889,2007,308,319,0.5294117647058824
1890,2007,346,220,0.46226415094339623
1891,2007,346,317,0.37
1892,2007,346,350,0.36666666666666664
1893,2007,346,319,0.42574257425742573
1894,2007,220,317,0.5257731958762887
1895,2007,220,350,0.4830508474576271
1896,2007,220,319,0.46226415094339623
1897,2007,317,350,0.4811320754716981
1898,2007,317,319,0.3564356435643564
1899,2007,350,319,0.36666666666666664
1900,2008,226,259,0.3392857142857143
1901,2008,226,309,0.3942307692307692
1902,2008,226,331,0.29838709677419356
1903,2008,226,205,0.415929203539823
1904,2008,226,206,0.41739130434782606
1905,2008,226,303,0.415929203539823
1906,2008,226,208,0.39603960396039606
1907,2008,226,238,0.375
1908,2008,226,307,0.4180327868852459
1909,2008,226,244,0.40476190476190477
1910,2008,226,254,0.32222222222222224
1911,2008,226,222,0.4351851851851852
1912,2008,226,343,0.39814814814814814
1913,2008,226,308,0.36082474226804123
1914,2008,226,346,0.43137254901960786
1915,2008,226,220,0.5242718446601942
1916,2008,226,317,0.4479166666666667
1917,2008,226,350,0.4690265486725664
1918,2008,226,319,0.3904761904761905
1919,2008,259,309,0.37383177570093457
1920,2008,259,331,0.28346456692913385
1921,2008,259,205,0.4594594594594595
1922,2008,259,206,0.43478260869565216
1923,2008,259,303,0.42105263157894735
1924,2008,259,208,0.3619047619047619
1925,2008,259,238,0.4444444444444444
1926,2008,259,307,0.35658914728682173
1927,2008,259,244,0.4793388429752066
1928,2008,259,254,0.23469387755102042
1929,2008,259,222,0.42727272727272725
1930,2008,259,343,0.39090909090909093
1931,2008,259,308,0.45652173913043476
1932,2008,259,346,0.4230769230769231
1933,2008,259,220,0.41964285714285715
1934,2008,259,317,0.2818181818181818
1935,2008,259,350,0.3770491803278688
1936,2008,259,319,0.5578947368421052
1937,2008,309,331,0.3739130434782609
1938,2008,309,205,0.35344827586206895
1939,2008,309,206,0.44144144144144143
1940,2008,309,303,0.4811320754716981
1941,2008,309,208,0.3142857142857143
1942,2008,309,238,0.46601941747572817
1943,2008,309,307,0.42857142857142855
1944,2008,309,244,0.4032258064516129
1945,2008,309,254,0.23404255319148937
1946,2008,309,222,0.38181818181818183
1947,2008,309,343,0.45098039215686275
1948,2008,309,308,0.35789473684210527
1949,2008,309,346,0.4444444444444444
1950,2008,309,220,0.375
1951,2008,309,317,0.36
1952,2008,309,350,0.4424778761061947
1953,2008,309,319,0.3364485981308411
1954,2008,331,205,0.26277372262773724
1955,2008,331,206,0.3643410852713178
1956,2008,331,303,0.3515625
1957,2008,331,208,0.232
1958,2008,331,238,0.3467741935483871
1959,2008,331,307,0.4645669291338583
1960,2008,331,244,0.4393939393939394
1961,2008,331,254,0.17857142857142858
1962,2008,331,222,0.3333333333333333
1963,2008,331,343,0.43859649122807015
1964,2008,331,308,0.23931623931623933
1965,2008,331,346,0.2421875
1966,2008,331,220,0.33858267716535434
1967,2008,331,317,0.288135593220339
1968,2008,331,350,0.3875968992248062
1969,2008,331,319,0.3140495867768595
1970,2008,205,206,0.5086206896551724
1971,2008,205,303,0.4214876033057851
1972,2008,205,208,0.44339622641509435
1973,2008,205,238,0.3949579831932773
1974,2008,205,307,0.4230769230769231
1975,2008,205,244,0.42105263157894735
1976,2008,205,254,0.28431372549019607
1977,2008,205,222,0.4778761061946903
1978,2008,205,343,0.4298245614035088
1979,2008,205,308,0.42574257425742573
1980,2008,205,346,0.42342342342342343
1981,2008,205,220,0.6095238095238096
1982,2008,205,317,0.4519230769230769
1983,2008,205,350,0.44715447154471544
1984,2008,205,319,0.43636363636363634
1985,2008,206,303,0.49572649572649574
1986,2008,206,208,0.39285714285714285
1987,2008,206,238,0.5504587155963303
1988,2008,206,307,0.4461538461538462
1989,2008,206,244,0.5
1990,2008,206,254,0.28846153846153844
1991,2008,206,222,0.6666666666666666
1992,2008,206,343,0.48214285714285715
1993,2008,206,308,0.41346153846153844
1994,2008,206,346,0.4636363636363636
1995,2008,206,220,0.5779816513761468
1996,2008,206,317,0.42592592592592593
1997,2008,206,350,0.4596774193548387
1998,2008,206,319,0.45045045045045046
1999,2008,303,208,0.33043478260869563
2000,2008,303,238,0.4954954954954955
2001,2008,303,307,0.43410852713178294
2002,2008,303,244,0.5241935483870968
2003,2008,303,254,0.2018348623853211
2004,2008,303,222,0.5045045045045045
2005,2008,303,343,0.45535714285714285
2006,2008,303,308,0.3333333333333333
2007,2008,303,346,0.42342342342342343
2008,2008,303,220,0.45689655172413796
2009,2008,303,317,0.336283185840708
2010,2008,303,350,0.5084745762711864
2011,2008,303,319,0.3277310924369748
2012,2008,208,238,0.41346153846153844
2013,2008,208,307,0.36065573770491804
2014,2008,208,244,0.36
2015,2008,208,254,0.3333333333333333
2016,2008,208,222,0.37037037037037035
2017,2008,208,343,0.4117647058823529
2018,2008,208,308,0.37362637362637363
2019,2008,208,346,0.40404040404040403
2020,2008,208,220,0.41509433962264153
2021,2008,208,317,0.3894736842105263
2022,2008,208,350,0.41964285714285715
2023,2008,208,319,0.4479166666666667
2024,2008,238,307,0.5169491525423728
2025,2008,238,244,0.5
2026,2008,238,254,0.32978723404255317
2027,2008,238,222,0.47706422018348627
2028,2008,238,343,0.5242718446601942
2029,2008,238,308,0.3939393939393939
2030,2008,238,346,0.4205607476635514
2031,2008,238,220,0.4954128440366973
2032,2008,238,317,0.46464646464646464
2033,2008,238,350,0.4700854700854701
2034,2008,238,319,0.4205607476635514
2035,2008,307,244,0.5419847328244275
2036,2008,307,254,0.2972972972972973
2037,2008,307,222,0.42857142857142855
2038,2008,307,343,0.543859649122807
2039,2008,307,308,0.30833333333333335
2040,2008,307,346,0.32558139534883723
2041,2008,307,220,0.5166666666666667
2042,2008,307,317,0.4642857142857143
2043,2008,307,350,0.5403225806451613
2044,2008,307,319,0.3902439024390244
2045,2008,244,254,0.2231404958677686
2046,2008,244,222,0.472
2047,2008,244,343,0.5254237288135594
2048,2008,244,308,0.319672131147541
2049,2008,244,346,0.4112903225806452
2050,2008,244,220,0.5245901639344263
2051,2008,244,317,0.3770491803278688
2052,2008,244,350,0.5354330708661418
2053,2008,244,319,0.4112903225806452
2054,2008,254,222,0.2727272727272727
2055,2008,254,343,0.32608695652173914
2056,2008,254,308,0.3037974683544304
2057,2008,254,346,0.2857142857142857
2058,2008,254,220,0.31958762886597936
2059,2008,254,317,0.4864864864864865
2060,2008,254,350,0.2803738317757009
2061,2008,254,319,0.2857142857142857
2062,2008,222,343,0.46296296296296297
2063,2008,222,308,0.34951456310679613
2064,2008,222,346,0.4166666666666667
2065,2008,222,220,0.5327102803738317
2066,2008,222,317,0.43137254901960786
2067,2008,222,350,0.5043478260869565
2068,2008,222,319,0.44339622641509435
2069,2008,343,308,0.36363636363636365
2070,2008,343,346,0.3925233644859813
2071,2008,343,220,0.46788990825688076
2072,2008,343,317,0.4639175257731959
2073,2008,343,350,0.5089285714285714
2074,2008,343,319,0.4326923076923077
2075,2008,308,346,0.4606741573033708
2076,2008,308,220,0.46875
2077,2008,308,317,0.3225806451612903
2078,2008,308,350,0.30434782608695654
2079,2008,308,319,0.5294117647058824
2080,2008,346,220,0.46226415094339623
2081,2008,346,317,0.37
2082,2008,346,350,0.36666666666666664
2083,2008,346,319,0.42574257425742573
2084,2008,220,317,0.5257731958762887
2085,2008,220,350,0.4830508474576271
2086,2008,220,319,0.46226415094339623
2087,2008,317,350,0.4811320754716981
2088,2008,317,319,0.3564356435643564
2089,2008,350,319,0.36666666666666664
2090,2009,226,259,0.3392857142857143
2091,2009,226,309,0.3942307692307692
2092,2009,226,331,0.29838709677419356
2093,2009,226,205,0.415929203539823
2094,2009,226,206,0.41739130434782606
2095,2009,226,303,0.415929203539823
2096,2009,226,208,0.39603960396039606
2097,2009,226,238,0.375
2098,2009,226,307,0.4180327868852459
2099,2009,226,244,0.40476190476190477
2100,2009,226,254,0.32222222222222224
2101,2009,226,222,0.4351851851851852
2102,2009,226,343,0.39814814814814814
2103,2009,226,308,0.36082474226804123
2104,2009,226,346,0.43137254901960786
2105,2009,226,220,0.5242718446601942
2106,2009,226,317,0.4479166666666667
2107,2009,226,350,0.4690265486725664
2108,2009,226,319,0.3904761904761905
2109,2009,259,309,0.37383177570093457
2110,2009,259,331,0.28346456692913385
2111,2009,259,205,0.4594594594594595
2112,2009,259,206,0.43478260869565216
2113,2009,259,303,0.42105263157894735
2114,2009,259,208,0.3619047619047619
2115,2009,259,238,0.4444444444444444
2116,2009,259,307,0.35658914728682173
2117,2009,259,244,0.4793388429752066
2118,2009,259,254,0.23469387755102042
2119,2009,259,222,0.42727272727272725
2120,2009,259,343,0.39090909090909093
2121,2009,259,308,0.45652173913043476
2122,2009,259,346,0.4230769230769231
2123,2009,259,220,0.41964285714285715
2124,2009,259,317,0.2818181818181818
2125,2009,259,350,0.3770491803278688
2126,2009,259,319,0.5578947368421052
2127,2009,309,331,0.3739130434782609
2128,2009,309,205,0.35344827586206895
2129,2009,309,206,0.44144144144144143
2130,2009,309,303,0.4811320754716981
2131,2009,309,208,0.3142857142857143
2132,2009,309,238,0.46601941747572817
2133,2009,309,307,0.42857142857142855
2134,2009,309,244,0.4032258064516129
2135,2009,309,254,0.23404255319148937
2136,2009,309,222,0.38181818181818183
2137,2009,309,343,0.45098039215686275
2138,2009,309,308,0.35789473684210527
2139,2009,309,346,0.4444444444444444
2140,2009,309,220,0.375
2141,2009,309,317,0.36
2142,2009,309,350,0.4424778761061947
2143,2009,309,319,0.3364485981308411
2144,2009,331,205,0.26277372262773724
2145,2009,331,206,0.3643410852713178
2146,2009,331,303,0.3515625
2147,2009,331,208,0.232
2148,2009,331,238,0.3467741935483871
2149,2009,331,307,0.4645669291338583
2150,2009,331,244,0.4393939393939394
2151,2009,331,254,0.17857142857142858
2152,2009,331,222,0.3333333333333333
2153,2009,331,343,0.43859649122807015
2154,2009,331,308,0.23931623931623933
2155,2009,331,346,0.2421875
2156,2009,331,220,0.33858267716535434
2157,2009,331,317,0.288135593220339
2158,2009,331,350,0.3875968992248062
2159,2009,331,319,0.3140495867768595
2160,2009,205,206,0.5086206896551724
2161,2009,205,303,0.4214876033057851
2162,2009,205,208,0.44339622641509435
2163,2009,205,238,0.3949579831932773
2164,2009,205,307,0.4230769230769231
2165,2009,205,244,0.42105263157894735
2166,2009,205,254,0.28431372549019607
2167,2009,205,222,0.4778761061946903
2168,2009,205,343,0.4298245614035088
2169,2009,205,308,0.42574257425742573
2170,2009,205,346,0.42342342342342343
2171,2009,205,220,0.6095238095238096
2172,2009,205,317,0.4519230769230769
2173,2009,205,350,0.44715447154471544
2174,2009,205,319,0.43636363636363634
2175,2009,206,303,0.49572649572649574
2176,2009,206,208,0.39285714285714285
2177,2009,206,238,0.5504587155963303
2178,2009,206,307,0.4461538461538462
2179,2009,206,244,0.5
2180,2009,206,254,0.28846153846153844
2181,2009,206,222,0.6666666666666666
2182,2009,206,343,0.48214285714285715
2183,2009,206,308,0.41346153846153844
2184,2009,206,346,0.4636363636363636
2185,2009,206,220,0.5779816513761468
2186,2009,206,317,0.42592592592592593
2187,2009,206,350,0.4596774193548387
2188,2009,206,319,0.45045045045045046
2189,2009,303,208,0.33043478260869563
2190,2009,303,238,0.4954954954954955
2191,2009,303,307,0.43410852713178294
2192,2009,303,244,0.5241935483870968
2193,2009,303,254,0.2018348623853211
2194,2009,303,222,0.5045045045045045
2195,2009,303,343,0.45535714285714285
2196,2009,303,308,0.3333333333333333
2197,2009,303,346,0.42342342342342343
2198,2009,303,220,0.45689655172413796
2199,2009,303,317,0.336283185840708
2200,2009,303,350,0.5084745762711864
2201,2009,303,319,0.3277310924369748
2202,2009,208,238,0.41346153846153844
2203,2009,208,307,0.36065573770491804
2204,2009,208,244,0.36
2205,2009,208,254,0.3333333333333333
2206,2009,208,222,0.37037037037037035
2207,2009,208,343,0.4117647058823529
2208,2009,208,308,0.37362637362637363
2209,2009,208,346,0.40404040404040403
2210,2009,208,220,0.41509433962264153
2211,2009,208,317,0.3894736842105263
2212,2009,208,350,0.41964285714285715
2213,2009,208,319,0.4479166666666667
2214,2009,238,307,0.5169491525423728
2215,2009,238,244,0.5
2216,2009,238,254,0.32978723404255317
2217,2009,238,222,0.47706422018348627
2218,2009,238,343,0.5242718446601942
2219,2009,238,308,0.3939393939393939
2220,2009,238,346,0.4205607476635514
2221,2009,238,220,0.4954128440366973
2222,2009,238,317,0.46464646464646464
2223,2009,238,350,0.4700854700854701
2224,2009,238,319,0.4205607476635514
2225,2009,307,244,0.5419847328244275
2226,2009,307,254,0.2972972972972973
2227,2009,307,222,0.42857142857142855
2228,2009,307,343,0.543859649122807
2229,2009,307,308,0.30833333333333335
2230,2009,307,346,0.32558139534883723
2231,2009,307,220,0.5166666666666667
2232,2009,307,317,0.4642857142857143
2233,2009,307,350,0.5403225806451613
2234,2009,307,319,0.3902439024390244
2235,2009,244,254,0.2231404958677686
2236,2009,244,222,0.472
2237,2009,244,343,0.5254237288135594
2238,2009,244,308,0.319672131147541
2239,2009,244,346,0.4112903225806452
2240,2009,244,220,0.5245901639344263
2241,2009,244,317,0.3770491803278688
2242,2009,244,350,0.5354330708661418
2243,2009,244,319,0.4112903225806452
2244,2009,254,222,0.2727272727272727
2245,2009,254,343,0.32608695652173914
2246,2009,254,308,0.3037974683544304
2247,2009,254,346,0.2857142857142857
2248,2009,254,220,0.31958762886597936
2249,2009,254,317,0.4864864864864865
2250,2009,254,350,0.2803738317757009
2251,2009,254,319,0.2857142857142857
2252,2009,222,343,0.46296296296296297
2253,2009,222,308,0.34951456310679613
2254,2009,222,346,0.4166666666666667
2255,2009,222,220,0.5327102803738317
2256,2009,222,317,0.43137254901960786
2257,2009,222,350,0.5043478260869565
2258,2009,222,319,0.44339622641509435
2259,2009,343,308,0.36363636363636365
2260,2009,343,346,0.3925233644859813
2261,2009,343,220,0.46788990825688076
2262,2009,343,317,0.4639175257731959
2263,2009,343,350,0.5089285714285714
2264,2009,343,319,0.4326923076923077
2265,2009,308,346,0.4606741573033708
2266,2009,308,220,0.46875
2267,2009,308,317,0.3225806451612903
2268,2009,308,350,0.30434782608695654
2269,2009,308,319,0.5294117647058824
2270,2009,346,220,0.46226415094339623
2271,2009,346,317,0.37
2272,2009,346,350,0.36666666666666664
2273,2009,346,319,0.42574257425742573
2274,2009,220,317,0.5257731958762887
2275,2009,220,350,0.4830508474576271
2276,2009,220,319,0.46226415094339623
2277,2009,317,350,0.4811320754716981
2278,2009,317,319,0.3564356435643564
2279,2009,350,319,0.36666666666666664
